{"cameraMode":{"drawMode":0,"name":"Shaded","section":"Shading Mode"},"sceneLighting":false,"audioPlay":false,"sceneViewState":{"m_AlwaysRefresh":false,"showFog":true,"showSkybox":false,"showFlares":true,"showImageEffects":true,"showParticleSystems":true,"showVisualEffectGraphs":true,"m_FxEnabled":true},"in2DMode":false,"pivot":{"x":671.3092651367188,"y":1094.2344970703125,"z":4.264457702636719},"rotation":{"x":-0.016796477138996125,"y":-0.03838805854320526,"z":0.0006451793015003204,"w":-0.9991200566291809},"size":250.61355590820313,"orthographic":false}